[
        {
            "id": 2,
            "code": "AFN",
            "name": "Afghanistan Afghani",
            "decimal_points": 2,
            "symbol": "AFN",
            "active_flag": true,
            "is_custom_flag": false
        },
        {
            "id": 3,
            "code": "ALL",
            "name": "Albanian Lek",
            "decimal_points": 2,
            "symbol": "ALL",
            "active_flag": true,
            "is_custom_flag": false
        },
        {
            "id": 41,
            "code": "DZD",
            "name": "Algerian Dinar",
            "decimal_points": 2,
            "symbol": "DZD",
            "active_flag": true,
            "is_custom_flag": false
        },
        {
            "id": 6,
            "code": "AOA",
            "name": "Angolan Kwanza",
            "decimal_points": 2,
            "symbol": "AOA",
            "active_flag": true,
            "is_custom_flag": false
        },
        {
            "id": 7,
            "code": "ARS",
            "name": "Argentine Peso",
            "decimal_points": 2,
            "symbol": "ARS",
            "active_flag": true,
            "is_custom_flag": false
        },
        {
            "id": 4,
            "code": "AMD",
            "name": "Armenian Dram",
            "decimal_points": 2,
            "symbol": "AMD",
            "active_flag": true,
            "is_custom_flag": false
        },
        {
            "id": 9,
            "code": "AWG",
            "name": "Aruban Guilder",
            "decimal_points": 2,
            "symbol": "AWG",
            "active_flag": true,
            "is_custom_flag": false
        },
        {
            "id": 8,
            "code": "AUD",
            "name": "Australian Dollar",
            "decimal_points": 2,
            "symbol": "AU$",
            "active_flag": true,
            "is_custom_flag": false
        },
        {
            "id": 173,
            "code": "AZN",
            "name": "Azerbaijan New Manat",
            "decimal_points": 2,
            "symbol": "AZN",
            "active_flag": true,
            "is_custom_flag": false
        },
        {
            "id": 10,
            "code": "AZM",
            "name": "Azerbaijanian Manat",
            "decimal_points": 2,
            "symbol": "",
            "active_flag": true,
            "is_custom_flag": false
        },
        {
            "id": 21,
            "code": "BSD",
            "name": "Bahamian Dollar",
            "decimal_points": 2,
            "symbol": "BSD",
            "active_flag": true,
            "is_custom_flag": false
        },
        {
            "id": 15,
            "code": "BHD",
            "name": "Bahraini Dinar",
            "decimal_points": 3,
            "symbol": "BHD",
            "active_flag": true,
            "is_custom_flag": false
        },
        {
            "id": 13,
            "code": "BDT",
            "name": "Bangladesh Taka",
            "decimal_points": 2,
            "symbol": "BDT",
            "active_flag": true,
            "is_custom_flag": false
        },
        {
            "id": 12,
            "code": "BBD",
            "name": "Barbados Dollar",
            "decimal_points": 2,
            "symbol": "BBD",
            "active_flag": true,
            "is_custom_flag": false
        },
        {
            "id": 24,
            "code": "BYR",
            "name": "Belarussian Ruble",
            "decimal_points": 0,
            "symbol": "BYR",
            "active_flag": true,
            "is_custom_flag": false
        },
        {
            "id": 25,
            "code": "BZD",
            "name": "Belize Dollar",
            "decimal_points": 2,
            "symbol": "BZD",
            "active_flag": true,
            "is_custom_flag": false
        },
        {
            "id": 17,
            "code": "BMD",
            "name": "Bermudian Dollar",
            "decimal_points": 2,
            "symbol": "BMD",
            "active_flag": true,
            "is_custom_flag": false
        },
        {
            "id": 22,
            "code": "BTN",
            "name": "Bhutan Ngultrum",
            "decimal_points": 2,
            "symbol": "BTN",
            "active_flag": true,
            "is_custom_flag": false
        },
        {
            "id": 168,
            "code": "XBT",
            "name": "Bitcoin",
            "decimal_points": 8,
            "symbol": "฿",
            "active_flag": true,
            "is_custom_flag": false
        },
        {
            "id": 19,
            "code": "BOB",
            "name": "Bolivian Boliviano",
            "decimal_points": 2,
            "symbol": "BOB",
            "active_flag": true,
            "is_custom_flag": false
        },
        {
            "id": 11,
            "code": "BAM",
            "name": "Bosnia and Herzegovina Convertible Marks",
            "decimal_points": 2,
            "symbol": "BAM",
            "active_flag": true,
            "is_custom_flag": false
        },
        {
            "id": 23,
            "code": "BWP",
            "name": "Botswana Pula",
            "decimal_points": 2,
            "symbol": "BWP",
            "active_flag": true,
            "is_custom_flag": false
        },
        {
            "id": 20,
            "code": "BRL",
            "name": "Brazilian Real",
            "decimal_points": 2,
            "symbol": "R$",
            "active_flag": true,
            "is_custom_flag": false
        },
        {
            "id": 18,
            "code": "BND",
            "name": "Brunei Dollar",
            "decimal_points": 2,
            "symbol": "BND",
            "active_flag": true,
            "is_custom_flag": false
        },
        {
            "id": 14,
            "code": "BGN",
            "name": "Bulgarian Lev",
            "decimal_points": 2,
            "symbol": "BGN",
            "active_flag": true,
            "is_custom_flag": false
        },
        {
            "id": 16,
            "code": "BIF",
            "name": "Burundi Franc",
            "decimal_points": 0,
            "symbol": "BIF",
            "active_flag": true,
            "is_custom_flag": false
        },
        {
            "id": 73,
            "code": "KHR",
            "name": "Cambodia Riel",
            "decimal_points": 2,
            "symbol": "KHR",
            "active_flag": true,
            "is_custom_flag": false
        },
        {
            "id": 26,
            "code": "CAD",
            "name": "Canadian Dollar",
            "decimal_points": 2,
            "symbol": "CA$",
            "active_flag": true,
            "is_custom_flag": false
        },
        {
            "id": 35,
            "code": "CVE",
            "name": "Cape Verde Escudo",
            "decimal_points": 2,
            "symbol": "CVE",
            "active_flag": true,
            "is_custom_flag": false
        },
        {
            "id": 78,
            "code": "KYD",
            "name": "Cayman Islands Dollar",
            "decimal_points": 2,
            "symbol": "KYD",
            "active_flag": true,
            "is_custom_flag": false
        },
        {
            "id": 160,
            "code": "XOF",
            "name": "CFA Franc BCEAO",
            "decimal_points": 0,
            "symbol": "CFA",
            "active_flag": true,
            "is_custom_flag": false
        },
        {
            "id": 155,
            "code": "XAF",
            "name": "CFA Franc BEAC",
            "decimal_points": 0,
            "symbol": "FCFA",
            "active_flag": true,
            "is_custom_flag": false
        },
        {
            "id": 161,
            "code": "XPF",
            "name": "CFP Franc",
            "decimal_points": 0,
            "symbol": "CFPF",
            "active_flag": true,
            "is_custom_flag": false
        },
        {
            "id": 29,
            "code": "CLP",
            "name": "Chilean Peso",
            "decimal_points": 0,
            "symbol": "CLP",
            "active_flag": true,
            "is_custom_flag": false
        },
        {
            "id": 169,
            "code": "CLF",
            "name": "Chilean Unidad de Fomento",
            "decimal_points": 2,
            "symbol": "CLF",
            "active_flag": true,
            "is_custom_flag": false
        },
        {
            "id": 30,
            "code": "CNY",
            "name": "Chinese Yuan Renminbi",
            "decimal_points": 2,
            "symbol": "CN¥",
            "active_flag": true,
            "is_custom_flag": false
        },
        {
            "id": 31,
            "code": "COP",
            "name": "Colombian Peso",
            "decimal_points": 2,
            "symbol": "COP",
            "active_flag": true,
            "is_custom_flag": false
        },
        {
            "id": 74,
            "code": "KMF",
            "name": "Comoro Franc",
            "decimal_points": 0,
            "symbol": "KMF",
            "active_flag": true,
            "is_custom_flag": false
        },
        {
            "id": 32,
            "code": "CRC",
            "name": "Costa Rican Colon",
            "decimal_points": 2,
            "symbol": "₡",
            "active_flag": true,
            "is_custom_flag": false
        },
        {
            "id": 59,
            "code": "HRK",
            "name": "Croatian Kuna",
            "decimal_points": 2,
            "symbol": "HRK",
            "active_flag": true,
            "is_custom_flag": false
        },
        {
            "id": 34,
            "code": "CUP",
            "name": "Cuban Peso",
            "decimal_points": 2,
            "symbol": "CUP",
            "active_flag": true,
            "is_custom_flag": false
        },
        {
            "id": 36,
            "code": "CYP",
            "name": "Cyprus Pound",
            "decimal_points": 2,
            "symbol": "",
            "active_flag": true,
            "is_custom_flag": false
        },
        {
            "id": 37,
            "code": "CZK",
            "name": "Czech Koruna",
            "decimal_points": 2,
            "symbol": "CZK",
            "active_flag": true,
            "is_custom_flag": false
        },
        {
            "id": 39,
            "code": "DKK",
            "name": "Danish Krone",
            "decimal_points": 2,
            "symbol": "DKK",
            "active_flag": true,
            "is_custom_flag": false
        },
        {
            "id": 38,
            "code": "DJF",
            "name": "Djibouti Franc",
            "decimal_points": 0,
            "symbol": "DJF",
            "active_flag": true,
            "is_custom_flag": false
        },
        {
            "id": 40,
            "code": "DOP",
            "name": "Dominican Peso",
            "decimal_points": 2,
            "symbol": "DOP",
            "active_flag": true,
            "is_custom_flag": false
        },
        {
            "id": 158,
            "code": "XCD",
            "name": "East Caribbean Dollar",
            "decimal_points": 2,
            "symbol": "EC$",
            "active_flag": true,
            "is_custom_flag": false
        },
        {
            "id": 43,
            "code": "EGP",
            "name": "Egyptian Pound",
            "decimal_points": 2,
            "symbol": "EGP",
            "active_flag": true,
            "is_custom_flag": false
        },
        {
            "id": 134,
            "code": "SVC",
            "name": "El Salvador Colon",
            "decimal_points": 2,
            "symbol": "₡",
            "active_flag": true,
            "is_custom_flag": false
        },
        {
            "id": 44,
            "code": "ERN",
            "name": "Eritrea Nafka",
            "decimal_points": 2,
            "symbol": "ERN",
            "active_flag": true,
            "is_custom_flag": false
        },
        {
            "id": 42,
            "code": "EEK",
            "name": "Estonian Kroon",
            "decimal_points": 2,
            "symbol": "",
            "active_flag": true,
            "is_custom_flag": false
        },
        {
            "id": 45,
            "code": "ETB",
            "name": "Ethiopian Birr",
            "decimal_points": 2,
            "symbol": "ETB",
            "active_flag": true,
            "is_custom_flag": false
        },
        {
            "id": 46,
            "code": "EUR",
            "name": "Euro",
            "decimal_points": 2,
            "symbol": "€",
            "active_flag": true,
            "is_custom_flag": false
        },
        {
            "id": 48,
            "code": "FKP",
            "name": "Falkland Islands Pound",
            "decimal_points": 2,
            "symbol": "FKP",
            "active_flag": true,
            "is_custom_flag": false
        },
        {
            "id": 47,
            "code": "FJD",
            "name": "Fiji Dollar",
            "decimal_points": 2,
            "symbol": "FJD",
            "active_flag": true,
            "is_custom_flag": false
        },
        {
            "id": 27,
            "code": "CDF",
            "name": "Franc Congolais",
            "decimal_points": 2,
            "symbol": "CDF",
            "active_flag": true,
            "is_custom_flag": false
        },
        {
            "id": 53,
            "code": "GMD",
            "name": "Gambian Dalasi",
            "decimal_points": 2,
            "symbol": "GMD",
            "active_flag": true,
            "is_custom_flag": false
        },
        {
            "id": 50,
            "code": "GEL",
            "name": "Georgian Lari",
            "decimal_points": 2,
            "symbol": "GEL",
            "active_flag": true,
            "is_custom_flag": false
        },
        {
            "id": 51,
            "code": "GHC",
            "name": "Ghana Cedi",
            "decimal_points": 2,
            "symbol": "",
            "active_flag": true,
            "is_custom_flag": false
        },
        {
            "id": 177,
            "code": "GHS",
            "name": "Ghanaian Cedi",
            "decimal_points": 2,
            "symbol": "GHS",
            "active_flag": true,
            "is_custom_flag": false
        },
        {
            "id": 52,
            "code": "GIP",
            "name": "Gibraltar Pound",
            "decimal_points": 2,
            "symbol": "GIP",
            "active_flag": true,
            "is_custom_flag": false
        },
        {
            "id": 157,
            "code": "XAU",
            "name": "Gold",
            "decimal_points": 3,
            "symbol": "XAU",
            "active_flag": true,
            "is_custom_flag": false
        },
        {
            "id": 55,
            "code": "GTQ",
            "name": "Guatemala Quetzal",
            "decimal_points": 2,
            "symbol": "GTQ",
            "active_flag": true,
            "is_custom_flag": false
        },
        {
            "id": 54,
            "code": "GNF",
            "name": "Guinea Franc",
            "decimal_points": 0,
            "symbol": "GNF",
            "active_flag": true,
            "is_custom_flag": false
        },
        {
            "id": 56,
            "code": "GYD",
            "name": "Guyana Dollar",
            "decimal_points": 2,
            "symbol": "GYD",
            "active_flag": true,
            "is_custom_flag": false
        },
        {
            "id": 60,
            "code": "HTG",
            "name": "Haiti Gourde",
            "decimal_points": 2,
            "symbol": "HTG",
            "active_flag": true,
            "is_custom_flag": false
        },
        {
            "id": 58,
            "code": "HNL",
            "name": "Honduras Lempira",
            "decimal_points": 2,
            "symbol": "HNL",
            "active_flag": true,
            "is_custom_flag": false
        },
        {
            "id": 57,
            "code": "HKD",
            "name": "Hong Kong Dollar",
            "decimal_points": 2,
            "symbol": "HK$",
            "active_flag": true,
            "is_custom_flag": false
        },
        {
            "id": 61,
            "code": "HUF",
            "name": "Hungarian Forint",
            "decimal_points": 2,
            "symbol": "HUF",
            "active_flag": true,
            "is_custom_flag": false
        },
        {
            "id": 67,
            "code": "ISK",
            "name": "Iceland Krona",
            "decimal_points": 0,
            "symbol": "ISK",
            "active_flag": true,
            "is_custom_flag": false
        },
        {
            "id": 64,
            "code": "INR",
            "name": "Indian Rupee",
            "decimal_points": 2,
            "symbol": "₨",
            "active_flag": true,
            "is_custom_flag": false
        },
        {
            "id": 62,
            "code": "IDR",
            "name": "Indonesian Rupiah",
            "decimal_points": 2,
            "symbol": "IDR",
            "active_flag": true,
            "is_custom_flag": false
        },
        {
            "id": 66,
            "code": "IRR",
            "name": "Iranian Rial",
            "decimal_points": 2,
            "symbol": "IRR",
            "active_flag": true,
            "is_custom_flag": false
        },
        {
            "id": 65,
            "code": "IQD",
            "name": "Iraqi Dinar",
            "decimal_points": 3,
            "symbol": "IQD",
            "active_flag": true,
            "is_custom_flag": false
        },
        {
            "id": 68,
            "code": "JMD",
            "name": "Jamaican Dollar",
            "decimal_points": 2,
            "symbol": "JMD",
            "active_flag": true,
            "is_custom_flag": false
        },
        {
            "id": 70,
            "code": "JPY",
            "name": "Japanese Yen",
            "decimal_points": 0,
            "symbol": "¥",
            "active_flag": true,
            "is_custom_flag": false
        },
        {
            "id": 69,
            "code": "JOD",
            "name": "Jordanian Dinar",
            "decimal_points": 3,
            "symbol": "JOD",
            "active_flag": true,
            "is_custom_flag": false
        },
        {
            "id": 79,
            "code": "KZT",
            "name": "Kazakhstan Tenge",
            "decimal_points": 2,
            "symbol": "KZT",
            "active_flag": true,
            "is_custom_flag": false
        },
        {
            "id": 71,
            "code": "KES",
            "name": "Kenyan Shilling",
            "decimal_points": 2,
            "symbol": "KES",
            "active_flag": true,
            "is_custom_flag": false
        },
        {
            "id": 76,
            "code": "KRW",
            "name": "Korean Won",
            "decimal_points": 0,
            "symbol": "₩",
            "active_flag": true,
            "is_custom_flag": false
        },
        {
            "id": 77,
            "code": "KWD",
            "name": "Kuwaiti Dinar",
            "decimal_points": 3,
            "symbol": "KWD",
            "active_flag": true,
            "is_custom_flag": false
        },
        {
            "id": 72,
            "code": "KGS",
            "name": "Kyrgyzstan Som",
            "decimal_points": 2,
            "symbol": "KGS",
            "active_flag": true,
            "is_custom_flag": false
        },
        {
            "id": 80,
            "code": "LAK",
            "name": "Lao Kip",
            "decimal_points": 2,
            "symbol": "LAK",
            "active_flag": true,
            "is_custom_flag": false
        },
        {
            "id": 86,
            "code": "LVL",
            "name": "Latvian Lats",
            "decimal_points": 2,
            "symbol": "LVL",
            "active_flag": true,
            "is_custom_flag": false
        },
        {
            "id": 81,
            "code": "LBP",
            "name": "Lebanese Pound",
            "decimal_points": 2,
            "symbol": "LBP",
            "active_flag": true,
            "is_custom_flag": false
        },
        {
            "id": 84,
            "code": "LSL",
            "name": "Lesotho Loti",
            "decimal_points": 2,
            "symbol": "LSL",
            "active_flag": true,
            "is_custom_flag": false
        },
        {
            "id": 83,
            "code": "LRD",
            "name": "Liberian Dollar",
            "decimal_points": 2,
            "symbol": "LRD",
            "active_flag": true,
            "is_custom_flag": false
        },
        {
            "id": 87,
            "code": "LYD",
            "name": "Libyan Dinar",
            "decimal_points": 3,
            "symbol": "LYD",
            "active_flag": true,
            "is_custom_flag": false
        },
        {
            "id": 85,
            "code": "LTL",
            "name": "Lithuanian Litas",
            "decimal_points": 2,
            "symbol": "LTL",
            "active_flag": true,
            "is_custom_flag": false
        },
        {
            "id": 94,
            "code": "MOP",
            "name": "Macau Pataca",
            "decimal_points": 2,
            "symbol": "MOP",
            "active_flag": true,
            "is_custom_flag": false
        },
        {
            "id": 91,
            "code": "MKD",
            "name": "Macedonian Denar",
            "decimal_points": 2,
            "symbol": "MKD",
            "active_flag": true,
            "is_custom_flag": false
        },
        {
            "id": 90,
            "code": "MGA",
            "name": "Malagasy Ariary",
            "decimal_points": 2,
            "symbol": "MGA",
            "active_flag": true,
            "is_custom_flag": false
        },
        {
            "id": 99,
            "code": "MWK",
            "name": "Malawi Kwacha",
            "decimal_points": 2,
            "symbol": "MWK",
            "active_flag": true,
            "is_custom_flag": false
        },
        {
            "id": 101,
            "code": "MYR",
            "name": "Malaysian Ringgit",
            "decimal_points": 2,
            "symbol": "MYR",
            "active_flag": true,
            "is_custom_flag": false
        },
        {
            "id": 98,
            "code": "MVR",
            "name": "Maldives Rufiyaa",
            "decimal_points": 2,
            "symbol": "MVR",
            "active_flag": true,
            "is_custom_flag": false
        },
        {
            "id": 96,
            "code": "MTL",
            "name": "Maltese Lira",
            "decimal_points": 2,
            "symbol": "",
            "active_flag": true,
            "is_custom_flag": false
        },
        {
            "id": 95,
            "code": "MRO",
            "name": "Mauritania Ouguiya",
            "decimal_points": 2,
            "symbol": "MRO",
            "active_flag": true,
            "is_custom_flag": false
        },
        {
            "id": 97,
            "code": "MUR",
            "name": "Mauritius Rupee",
            "decimal_points": 2,
            "symbol": "MUR",
            "active_flag": true,
            "is_custom_flag": false
        },
        {
            "id": 100,
            "code": "MXN",
            "name": "Mexican Peso",
            "decimal_points": 2,
            "symbol": "MX$",
            "active_flag": true,
            "is_custom_flag": false
        },
        {
            "id": 89,
            "code": "MDL",
            "name": "Moldovan Leu",
            "decimal_points": 2,
            "symbol": "MDL",
            "active_flag": true,
            "is_custom_flag": false
        },
        {
            "id": 93,
            "code": "MNT",
            "name": "Mongolian Tugrik",
            "decimal_points": 2,
            "symbol": "MNT",
            "active_flag": true,
            "is_custom_flag": false
        },
        {
            "id": 88,
            "code": "MAD",
            "name": "Moroccan Dirham",
            "decimal_points": 2,
            "symbol": "MAD",
            "active_flag": true,
            "is_custom_flag": false
        },
        {
            "id": 181,
            "code": "MZN",
            "name": "Mozambican Metical",
            "decimal_points": 2,
            "symbol": "MZN",
            "active_flag": true,
            "is_custom_flag": false
        },
        {
            "id": 102,
            "code": "MZM",
            "name": "Mozambique Metical",
            "decimal_points": 2,
            "symbol": "",
            "active_flag": true,
            "is_custom_flag": false
        },
        {
            "id": 92,
            "code": "MMK",
            "name": "Myanmar Kyat",
            "decimal_points": 2,
            "symbol": "MMK",
            "active_flag": true,
            "is_custom_flag": false
        },
        {
            "id": 103,
            "code": "NAD",
            "name": "Namibia Dollar",
            "decimal_points": 2,
            "symbol": "NAD",
            "active_flag": true,
            "is_custom_flag": false
        },
        {
            "id": 107,
            "code": "NPR",
            "name": "Nepalese Rupee",
            "decimal_points": 2,
            "symbol": "NPR",
            "active_flag": true,
            "is_custom_flag": false
        },
        {
            "id": 5,
            "code": "ANG",
            "name": "Netherlands Antillian Guilder",
            "decimal_points": 2,
            "symbol": "ANG",
            "active_flag": true,
            "is_custom_flag": false
        },
        {
            "id": 205,
            "code": "BYN",
            "name": "New Belarusian Ruble",
            "decimal_points": 2,
            "symbol": "Br",
            "active_flag": true,
            "is_custom_flag": false
        },
        {
            "id": 63,
            "code": "ILS",
            "name": "New Israeli Shekel",
            "decimal_points": 2,
            "symbol": "₪",
            "active_flag": true,
            "is_custom_flag": false
        },
        {
            "id": 144,
            "code": "TWD",
            "name": "New Taiwan Dollar",
            "decimal_points": 2,
            "symbol": "NT$",
            "active_flag": true,
            "is_custom_flag": false
        },
        {
            "id": 108,
            "code": "NZD",
            "name": "New Zealand Dollar",
            "decimal_points": 2,
            "symbol": "NZ$",
            "active_flag": true,
            "is_custom_flag": false
        },
        {
            "id": 105,
            "code": "NIO",
            "name": "Nicaragua Cordoba Oro",
            "decimal_points": 2,
            "symbol": "NIO",
            "active_flag": true,
            "is_custom_flag": false
        },
        {
            "id": 104,
            "code": "NGN",
            "name": "Nigerian Naira",
            "decimal_points": 2,
            "symbol": "₦",
            "active_flag": true,
            "is_custom_flag": false
        },
        {
            "id": 75,
            "code": "KPW",
            "name": "North Korean Won",
            "decimal_points": 2,
            "symbol": "₩",
            "active_flag": true,
            "is_custom_flag": false
        },
        {
            "id": 106,
            "code": "NOK",
            "name": "Norwegian Krone",
            "decimal_points": 2,
            "symbol": "NOK",
            "active_flag": true,
            "is_custom_flag": false
        },
        {
            "id": 114,
            "code": "PKR",
            "name": "Pakistan Rupee",
            "decimal_points": 2,
            "symbol": "PKR",
            "active_flag": true,
            "is_custom_flag": false
        },
        {
            "id": 162,
            "code": "XPD",
            "name": "Palladium",
            "decimal_points": 3,
            "symbol": "XPD",
            "active_flag": true,
            "is_custom_flag": false
        },
        {
            "id": 110,
            "code": "PAB",
            "name": "Panama Balboa",
            "decimal_points": 2,
            "symbol": "PAB",
            "active_flag": true,
            "is_custom_flag": false
        },
        {
            "id": 112,
            "code": "PGK",
            "name": "Papua New Guinea Kina",
            "decimal_points": 2,
            "symbol": "PGK",
            "active_flag": true,
            "is_custom_flag": false
        },
        {
            "id": 116,
            "code": "PYG",
            "name": "Paraguayan Guarani",
            "decimal_points": 0,
            "symbol": "PYG",
            "active_flag": true,
            "is_custom_flag": false
        },
        {
            "id": 111,
            "code": "PEN",
            "name": "Peruvian Nuevo Sol",
            "decimal_points": 2,
            "symbol": "PEN",
            "active_flag": true,
            "is_custom_flag": false
        },
        {
            "id": 149,
            "code": "UYU",
            "name": "Peso Uruguayo",
            "decimal_points": 2,
            "symbol": "UYU",
            "active_flag": true,
            "is_custom_flag": false
        },
        {
            "id": 113,
            "code": "PHP",
            "name": "Philippine Peso",
            "decimal_points": 2,
            "symbol": "PHP",
            "active_flag": true,
            "is_custom_flag": false
        },
        {
            "id": 163,
            "code": "XPT",
            "name": "Platinum",
            "decimal_points": 3,
            "symbol": "XPT",
            "active_flag": true,
            "is_custom_flag": false
        },
        {
            "id": 115,
            "code": "PLN",
            "name": "Polish Zloty",
            "decimal_points": 2,
            "symbol": "PLN",
            "active_flag": true,
            "is_custom_flag": false
        },
        {
            "id": 49,
            "code": "GBP",
            "name": "Pound Sterling",
            "decimal_points": 2,
            "symbol": "£",
            "active_flag": true,
            "is_custom_flag": false
        },
        {
            "id": 117,
            "code": "QAR",
            "name": "Qatari Rial",
            "decimal_points": 2,
            "symbol": "QAR",
            "active_flag": true,
            "is_custom_flag": false
        },
        {
            "id": 109,
            "code": "OMR",
            "name": "Rial Omani",
            "decimal_points": 3,
            "symbol": "OMR",
            "active_flag": true,
            "is_custom_flag": false
        },
        {
            "id": 118,
            "code": "RON",
            "name": "Romanian Leu",
            "decimal_points": 2,
            "symbol": "RON",
            "active_flag": true,
            "is_custom_flag": false
        },
        {
            "id": 119,
            "code": "RUB",
            "name": "Russian Ruble",
            "decimal_points": 2,
            "symbol": "RUB",
            "active_flag": true,
            "is_custom_flag": false
        },
        {
            "id": 120,
            "code": "RWF",
            "name": "Rwanda Franc",
            "decimal_points": 0,
            "symbol": "RWF",
            "active_flag": true,
            "is_custom_flag": false
        },
        {
            "id": 154,
            "code": "WST",
            "name": "Samoa Tala",
            "decimal_points": 2,
            "symbol": "WST",
            "active_flag": true,
            "is_custom_flag": false
        },
        {
            "id": 133,
            "code": "STD",
            "name": "São Tome and Principe Dobra",
            "decimal_points": 2,
            "symbol": "STD",
            "active_flag": true,
            "is_custom_flag": false
        },
        {
            "id": 121,
            "code": "SAR",
            "name": "Saudi Riyal",
            "decimal_points": 2,
            "symbol": "SAR",
            "active_flag": true,
            "is_custom_flag": false
        },
        {
            "id": 159,
            "code": "XDR",
            "name": "SDR (Special Drawing Rights)",
            "decimal_points": 5,
            "symbol": "XDR",
            "active_flag": true,
            "is_custom_flag": false
        },
        {
            "id": 33,
            "code": "CSD",
            "name": "Serbian Dinar",
            "decimal_points": 2,
            "symbol": "",
            "active_flag": true,
            "is_custom_flag": false
        },
        {
            "id": 185,
            "code": "RSD",
            "name": "Serbian Dinar",
            "decimal_points": 2,
            "symbol": "RSD",
            "active_flag": true,
            "is_custom_flag": false
        },
        {
            "id": 123,
            "code": "SCR",
            "name": "Seychelles Rupee",
            "decimal_points": 2,
            "symbol": "SCR",
            "active_flag": true,
            "is_custom_flag": false
        },
        {
            "id": 130,
            "code": "SLL",
            "name": "Sierra Leone Leone",
            "decimal_points": 2,
            "symbol": "SLL",
            "active_flag": true,
            "is_custom_flag": false
        },
        {
            "id": 156,
            "code": "XAG",
            "name": "Silver",
            "decimal_points": 3,
            "symbol": "XAG",
            "active_flag": true,
            "is_custom_flag": false
        },
        {
            "id": 126,
            "code": "SGD",
            "name": "Singapore Dollar",
            "decimal_points": 2,
            "symbol": "SGD",
            "active_flag": true,
            "is_custom_flag": false
        },
        {
            "id": 129,
            "code": "SKK",
            "name": "Slovak Koruna",
            "decimal_points": 2,
            "symbol": "",
            "active_flag": true,
            "is_custom_flag": false
        },
        {
            "id": 128,
            "code": "SIT",
            "name": "Slovenian Tolar",
            "decimal_points": 2,
            "symbol": "",
            "active_flag": true,
            "is_custom_flag": false
        },
        {
            "id": 122,
            "code": "SBD",
            "name": "Solomon Islands Dollar",
            "decimal_points": 2,
            "symbol": "SBD",
            "active_flag": true,
            "is_custom_flag": false
        },
        {
            "id": 131,
            "code": "SOS",
            "name": "Somali Shilling",
            "decimal_points": 2,
            "symbol": "SOS",
            "active_flag": true,
            "is_custom_flag": false
        },
        {
            "id": 165,
            "code": "ZAR",
            "name": "South African Rand",
            "decimal_points": 2,
            "symbol": "ZAR",
            "active_flag": true,
            "is_custom_flag": false
        },
        {
            "id": 82,
            "code": "LKR",
            "name": "Sri Lanka Rupee",
            "decimal_points": 2,
            "symbol": "LKR",
            "active_flag": true,
            "is_custom_flag": false
        },
        {
            "id": 127,
            "code": "SHP",
            "name": "St Helena Pound",
            "decimal_points": 2,
            "symbol": "SHP",
            "active_flag": true,
            "is_custom_flag": false
        },
        {
            "id": 124,
            "code": "SDD",
            "name": "Sudanese Dinar",
            "decimal_points": 2,
            "symbol": "",
            "active_flag": true,
            "is_custom_flag": false
        },
        {
            "id": 189,
            "code": "SDG",
            "name": "Sudanese Pound",
            "decimal_points": 2,
            "symbol": "SDG",
            "active_flag": true,
            "is_custom_flag": false
        },
        {
            "id": 132,
            "code": "SRD",
            "name": "Surinam Dollar",
            "decimal_points": 2,
            "symbol": "SRD",
            "active_flag": true,
            "is_custom_flag": false
        },
        {
            "id": 136,
            "code": "SZL",
            "name": "Swaziland Lilangeni",
            "decimal_points": 2,
            "symbol": "SZL",
            "active_flag": true,
            "is_custom_flag": false
        },
        {
            "id": 125,
            "code": "SEK",
            "name": "Swedish Krona",
            "decimal_points": 2,
            "symbol": "SEK",
            "active_flag": true,
            "is_custom_flag": false
        },
        {
            "id": 28,
            "code": "CHF",
            "name": "Swiss Franc",
            "decimal_points": 2,
            "symbol": "CHF",
            "active_flag": true,
            "is_custom_flag": false
        },
        {
            "id": 135,
            "code": "SYP",
            "name": "Syrian Pound",
            "decimal_points": 2,
            "symbol": "SYP",
            "active_flag": true,
            "is_custom_flag": false
        },
        {
            "id": 138,
            "code": "TJS",
            "name": "Tajik Somoni",
            "decimal_points": 2,
            "symbol": "TJS",
            "active_flag": true,
            "is_custom_flag": false
        },
        {
            "id": 145,
            "code": "TZS",
            "name": "Tanzanian Shilling",
            "decimal_points": 2,
            "symbol": "TZS",
            "active_flag": true,
            "is_custom_flag": false
        },
        {
            "id": 137,
            "code": "THB",
            "name": "Thai Baht",
            "decimal_points": 2,
            "symbol": "฿",
            "active_flag": true,
            "is_custom_flag": false
        },
        {
            "id": 141,
            "code": "TOP",
            "name": "Tonga Pa'anga",
            "decimal_points": 2,
            "symbol": "TOP",
            "active_flag": true,
            "is_custom_flag": false
        },
        {
            "id": 143,
            "code": "TTD",
            "name": "Trinidad and Tobago Dollar",
            "decimal_points": 2,
            "symbol": "TTD",
            "active_flag": true,
            "is_custom_flag": false
        },
        {
            "id": 140,
            "code": "TND",
            "name": "Tunisian Dinar",
            "decimal_points": 3,
            "symbol": "TND",
            "active_flag": true,
            "is_custom_flag": false
        },
        {
            "id": 142,
            "code": "TRY",
            "name": "Turkish Lira",
            "decimal_points": 2,
            "symbol": "₺",
            "active_flag": true,
            "is_custom_flag": false
        },
        {
            "id": 139,
            "code": "TMM",
            "name": "Turkmenistan Manat",
            "decimal_points": 2,
            "symbol": "",
            "active_flag": true,
            "is_custom_flag": false
        },
        {
            "id": 193,
            "code": "TMT",
            "name": "Turkmenistani Manat",
            "decimal_points": 2,
            "symbol": "TMT",
            "active_flag": true,
            "is_custom_flag": false
        },
        {
            "id": 1,
            "code": "AED",
            "name": "UAE Dirham",
            "decimal_points": 2,
            "symbol": "AED",
            "active_flag": true,
            "is_custom_flag": false
        },
        {
            "id": 147,
            "code": "UGX",
            "name": "Uganda Shilling",
            "decimal_points": 2,
            "symbol": "UGX",
            "active_flag": true,
            "is_custom_flag": false
        },
        {
            "id": 146,
            "code": "UAH",
            "name": "Ukraine Hryvnia",
            "decimal_points": 2,
            "symbol": "UAH",
            "active_flag": true,
            "is_custom_flag": false
        },
        {
            "id": 148,
            "code": "USD",
            "name": "US Dollar",
            "decimal_points": 2,
            "symbol": "$",
            "active_flag": true,
            "is_custom_flag": false
        },
        {
            "id": 150,
            "code": "UZS",
            "name": "Uzbekistan Sum",
            "decimal_points": 2,
            "symbol": "UZS",
            "active_flag": true,
            "is_custom_flag": false
        },
        {
            "id": 153,
            "code": "VUV",
            "name": "Vanuatu Vatu",
            "decimal_points": 0,
            "symbol": "VUV",
            "active_flag": true,
            "is_custom_flag": false
        },
        {
            "id": 151,
            "code": "VEB",
            "name": "Venezuelan Bolivar",
            "decimal_points": 2,
            "symbol": "",
            "active_flag": true,
            "is_custom_flag": false
        },
        {
            "id": 197,
            "code": "VEF",
            "name": "Venezuelan Bolívar",
            "decimal_points": 2,
            "symbol": "VEF",
            "active_flag": true,
            "is_custom_flag": false
        },
        {
            "id": 152,
            "code": "VND",
            "name": "Vietnamese Dong",
            "decimal_points": 2,
            "symbol": "₫",
            "active_flag": true,
            "is_custom_flag": false
        },
        {
            "id": 164,
            "code": "YER",
            "name": "Yemeni Rial",
            "decimal_points": 2,
            "symbol": "YER",
            "active_flag": true,
            "is_custom_flag": false
        },
        {
            "id": 166,
            "code": "ZMK",
            "name": "Zambian Kwacha",
            "decimal_points": 2,
            "symbol": "",
            "active_flag": true,
            "is_custom_flag": false
        },
        {
            "id": 201,
            "code": "ZMW",
            "name": "Zambian Kwacha",
            "decimal_points": 2,
            "symbol": "ZMW",
            "active_flag": true,
            "is_custom_flag": false
        },
        {
            "id": 167,
            "code": "ZWL",
            "name": "Zimbabwe Dollar",
            "decimal_points": 2,
            "symbol": "ZWL",
            "active_flag": true,
            "is_custom_flag": false
        }
    ]